{
    "reward_history": [
        0.0,
        0.0,
        0.0,
        0.0,
        0.0,
        0.0,
        0.0,
        0.0,
        0.0,
        0.0,
        0.0,
        0.0,
        0.0,
        0.0,
        0.0,
        0.0,
        0.0,
        0.0,
        0.0,
        0.0,
        0.0,
        0.0,
        0.0,
        0.0,
        0.0,
        0.0,
        0.0,
        0.0,
        0.0,
        0.0,
        0.0,
        0.0,
        0.0,
        0.0,
        0.0,
        0.0,
        0.0,
        0.0,
        0.0,
        0.0,
        0.0,
        0.0,
        0.0,
        0.0,
        0.0,
        0.0,
        0.0,
        0.0,
        0.0,
        0.0,
        0.0,
        0.0,
        0.0,
        0.0,
        0.0,
        0.0,
        0.0,
        0.0,
        0.0,
        0.0
    ],
    "loss_history": [
        1.899790017604828,
        1.5770611906051635,
        1.4107926523685455,
        1.3032193970680237,
        1.2222824680805207,
        1.1651309323310852,
        1.0991342437267304,
        1.0634990096092225,
        1.0288850224018098,
        1.0193732500076294,
        0.9987310582399368,
        0.9828821861743927,
        0.9684894371032715,
        0.9403257924318313,
        0.9318395686149598,
        0.9093215620517731,
        0.8907989281415939,
        0.8698908078670502,
        0.8479602336883545,
        0.8318258303403855,
        0.8062293130159378,
        0.7926826578378677,
        0.7772923374176025,
        0.7600874787569046,
        0.7552715384960175,
        0.7317872536182404,
        0.7311570531129837,
        0.7198884761333466,
        0.7075561273097992,
        0.6957519334554673,
        0.6764775812625885,
        0.6745677107572555,
        0.6606684044003487,
        0.6577846783399582,
        0.6764740133285523,
        0.6599803543090821,
        0.649964510500431,
        0.6449215114116669,
        0.6511004388332366,
        0.643141148686409,
        0.6482216078042984,
        0.6481861352920533,
        0.6467611789703369,
        0.6463383740186691,
        0.6487647801637649,
        0.6328301697969436,
        0.6373007103800774,
        0.6466411769390106,
        0.6360946789383888,
        0.6283040100336075,
        0.4085256956020991,
        0.34456881433725356,
        0.3003796990712484,
        0.2747622521718343,
        0.2597967079281807,
        0.2535943148533503,
        0.24652329683303834,
        0.24249481956164043,
        0.23977690781156222,
        0.23118930680056413
    ],
    "eval_history": [
        {
            "iteration": 5,
            "az_wins": 0,
            "heuristic_wins": 20,
            "draws": 0,
            "winrate": 0.0
        },
        {
            "iteration": 10,
            "az_wins": 0,
            "heuristic_wins": 20,
            "draws": 0,
            "winrate": 0.0
        },
        {
            "iteration": 15,
            "az_wins": 0,
            "heuristic_wins": 20,
            "draws": 0,
            "winrate": 0.0
        },
        {
            "iteration": 20,
            "az_wins": 0,
            "heuristic_wins": 20,
            "draws": 0,
            "winrate": 0.0
        },
        {
            "iteration": 25,
            "az_wins": 0,
            "heuristic_wins": 20,
            "draws": 0,
            "winrate": 0.0
        },
        {
            "iteration": 30,
            "az_wins": 0,
            "heuristic_wins": 20,
            "draws": 0,
            "winrate": 0.0
        },
        {
            "iteration": 35,
            "az_wins": 0,
            "heuristic_wins": 20,
            "draws": 0,
            "winrate": 0.0
        },
        {
            "iteration": 40,
            "az_wins": 0,
            "heuristic_wins": 20,
            "draws": 0,
            "winrate": 0.0
        },
        {
            "iteration": 45,
            "az_wins": 0,
            "heuristic_wins": 20,
            "draws": 0,
            "winrate": 0.0
        },
        {
            "iteration": 50,
            "az_wins": 0,
            "heuristic_wins": 20,
            "draws": 0,
            "winrate": 0.0
        },
        {
            "iteration": 55,
            "az_wins": 0,
            "heuristic_wins": 20,
            "draws": 0,
            "winrate": 0.0
        },
        {
            "iteration": 60,
            "az_wins": 0,
            "heuristic_wins": 20,
            "draws": 0,
            "winrate": 0.0
        }
    ],
    "network": "AZNetwork2",
    "num_iterations": 60
}