{
    "reward_history": [
        0.0,
        0.0,
        0.0,
        0.0,
        0.0,
        0.0,
        0.0,
        0.0,
        0.0,
        0.0,
        0.0,
        0.0,
        0.0,
        0.0,
        0.0,
        0.0,
        0.0,
        0.0,
        0.0,
        0.0,
        0.0,
        0.0,
        0.0,
        0.0,
        0.0,
        0.0,
        0.0,
        0.0,
        0.0,
        0.0,
        0.0,
        0.0,
        0.0,
        0.0,
        0.0,
        0.0,
        0.0,
        0.0,
        0.0,
        0.0,
        0.0,
        0.0,
        0.0,
        0.0,
        0.0,
        0.0,
        0.0,
        0.0,
        0.0,
        0.0
    ],
    "loss_history": [
        0.21398858765761058,
        0.2029129951695601,
        0.2065993996957938,
        0.20722767561674119,
        0.21720921377340952,
        0.2286519868671894,
        0.24429895281791686,
        0.2348666349550088,
        0.23366138170162837,
        0.22917102386554083,
        0.2429203235109647,
        0.23719781359036762,
        0.2351683219273885,
        0.23203033516804378,
        0.23424128899971644,
        0.2289194092154503,
        0.22426679650942485,
        0.22953214685122172,
        0.22297518491744994,
        0.22334276979168255,
        0.22161460409561792,
        0.22371707811951638,
        0.2254896322886149,
        0.22215222309033075,
        0.22425700743993124,
        0.2248156519730886,
        0.22415920247634252,
        0.22803259601195652,
        0.22714348385731378,
        0.2223067193229993,
        0.22635909567276638,
        0.22849497323234877,
        0.2281737451752027,
        0.21998367379109066,
        0.21313117643197377,
        0.22636989285548528,
        0.21761926298340162,
        0.2111082528034846,
        0.22568733354409537,
        0.21544393474857013,
        0.22685185551643372,
        0.22708612581094106,
        0.22801176061232883,
        0.2198305871586005,
        0.22595262477795283,
        0.22095609863599142,
        0.22308448707063994,
        0.21797024672230084,
        0.2160309832294782,
        0.21807813157637915
    ],
    "eval_history": [
        {
            "iteration": 65,
            "az_wins": 0,
            "winrate": 0.0
        },
        {
            "iteration": 70,
            "az_wins": 0,
            "winrate": 0.0
        },
        {
            "iteration": 75,
            "az_wins": 0,
            "winrate": 0.0
        },
        {
            "iteration": 80,
            "az_wins": 0,
            "winrate": 0.0
        },
        {
            "iteration": 85,
            "az_wins": 0,
            "winrate": 0.0
        },
        {
            "iteration": 90,
            "az_wins": 0,
            "winrate": 0.0
        },
        {
            "iteration": 95,
            "az_wins": 0,
            "winrate": 0.0
        },
        {
            "iteration": 100,
            "az_wins": 0,
            "winrate": 0.0
        },
        {
            "iteration": 105,
            "az_wins": 0,
            "winrate": 0.0
        },
        {
            "iteration": 110,
            "az_wins": 0,
            "winrate": 0.0
        }
    ],
    "boost_factor": 0.3,
    "method": "heuristic_augmented_mcts"
}