{
    "reward_history": [
        0.0,
        0.0,
        0.0,
        0.0,
        0.0,
        0.0,
        0.0,
        0.0,
        0.0,
        0.0,
        0.0,
        0.0
    ],
    "loss_history": [
        0.8744419735670089,
        0.7047020596265793,
        0.6264781641960144,
        0.5766307571530342,
        0.5619894540309907,
        0.5268812704086304,
        0.5206778362393379,
        0.5152555042505265,
        0.5023584112524986,
        0.4908678489923477,
        0.4723372355103493,
        0.48166061609983446
    ],
    "eval_history": [
        {
            "iteration": 5,
            "az_wins": 0,
            "heuristic_wins": 20,
            "draws": 0,
            "winrate": 0.0
        },
        {
            "iteration": 10,
            "az_wins": 0,
            "heuristic_wins": 20,
            "draws": 0,
            "winrate": 0.0
        }
    ]
}