{
    "reward_history": [
        -0.08,
        -0.12,
        -0.14,
        -0.04,
        0.0,
        0.02,
        0.0,
        0.04,
        0.24,
        0.02,
        -0.28,
        1.0,
        0.0,
        0.32,
        -0.92,
        0.34,
        0.52,
        0.28,
        0.76,
        0.12,
        -1.0,
        -0.6,
        -0.6,
        0.0,
        -0.2,
        0.16666666666666666,
        -0.36666666666666664,
        0.25,
        0.43333333333333335,
        0.36666666666666664,
        -0.21666666666666667,
        -0.23333333333333334,
        -0.11666666666666667,
        -0.4666666666666667,
        -0.1,
        0.31666666666666665,
        0.5166666666666667,
        0.8833333333333333,
        0.2,
        0.55,
        0.5333333333333333,
        0.26666666666666666,
        0.4666666666666667,
        0.6666666666666666,
        0.8,
        0.65,
        0.43333333333333335,
        0.0,
        0.9,
        -0.3,
        0.03333333333333333,
        0.75,
        0.7333333333333333,
        0.8
    ],
    "loss_history": [
        2.2638070714473724,
        2.2618574905395508,
        2.171411267518997,
        2.11401474237442,
        2.106910367012024,
        2.0680217218399046,
        2.1114722907543184,
        2.0432464158535004,
        2.0623065042495727,
        2.0526967918872834,
        2.026251494884491,
        1.9634682428836823,
        1.9677953338623047,
        1.9372074103355408,
        1.9011086010932923,
        1.8881010806560516,
        1.877115797996521,
        1.8778243041038514,
        1.796588659286499,
        1.762853093147278,
        0.9013235569000244,
        0.9976806807518005,
        1.2443205517530442,
        1.3303429317474365,
        1.4997669994831084,
        1.6014846968650818,
        1.480722999572754,
        1.5270699965953827,
        1.5233754813671112,
        1.518466877937317,
        1.5285508990287782,
        1.5210388362407685,
        1.5720120990276336,
        1.4934499406814574,
        1.5301942312717438,
        1.557747712135315,
        1.5268557977676391,
        1.4817776453495026,
        1.5214794170856476,
        1.4948459482192993,
        1.4702550756931305,
        1.4690523540973663,
        1.4744982814788818,
        1.4357298922538757,
        1.355926319360733,
        1.3561815762519835,
        1.3289246463775635,
        1.3009806561470032,
        1.2401027572155,
        1.2564062297344207,
        1.2603189885616302,
        1.244254857301712,
        1.186560601592064,
        1.1969646179676057
    ],
    "winrate_history": [
        {
            "p1": 0.46,
            "p2": 0.54,
            "draw": 0.0
        },
        {
            "p1": 0.44,
            "p2": 0.56,
            "draw": 0.0
        },
        {
            "p1": 0.42,
            "p2": 0.56,
            "draw": 0.02
        },
        {
            "p1": 0.48,
            "p2": 0.52,
            "draw": 0.0
        },
        {
            "p1": 0.5,
            "p2": 0.5,
            "draw": 0.0
        },
        {
            "p1": 0.5,
            "p2": 0.48,
            "draw": 0.02
        },
        {
            "p1": 0.5,
            "p2": 0.5,
            "draw": 0.0
        },
        {
            "p1": 0.52,
            "p2": 0.48,
            "draw": 0.0
        },
        {
            "p1": 0.62,
            "p2": 0.38,
            "draw": 0.0
        },
        {
            "p1": 0.5,
            "p2": 0.48,
            "draw": 0.02
        },
        {
            "p1": 0.36,
            "p2": 0.64,
            "draw": 0.0
        },
        {
            "p1": 1.0,
            "p2": 0.0,
            "draw": 0.0
        },
        {
            "p1": 0.5,
            "p2": 0.5,
            "draw": 0.0
        },
        {
            "p1": 0.66,
            "p2": 0.34,
            "draw": 0.0
        },
        {
            "p1": 0.04,
            "p2": 0.96,
            "draw": 0.0
        },
        {
            "p1": 0.66,
            "p2": 0.32,
            "draw": 0.02
        },
        {
            "p1": 0.76,
            "p2": 0.24,
            "draw": 0.0
        },
        {
            "p1": 0.64,
            "p2": 0.36,
            "draw": 0.0
        },
        {
            "p1": 0.88,
            "p2": 0.12,
            "draw": 0.0
        },
        {
            "p1": 0.56,
            "p2": 0.44,
            "draw": 0.0
        },
        {
            "p1": 0.0,
            "p2": 1.0,
            "draw": 0.0
        },
        {
            "p1": 0.2,
            "p2": 0.8,
            "draw": 0.0
        },
        {
            "p1": 0.2,
            "p2": 0.8,
            "draw": 0.0
        },
        {
            "p1": 0.5,
            "p2": 0.5,
            "draw": 0.0
        },
        {
            "p1": 0.36666666666666664,
            "p2": 0.5666666666666667,
            "draw": 0.06666666666666667
        },
        {
            "p1": 0.55,
            "p2": 0.38333333333333336,
            "draw": 0.06666666666666667
        },
        {
            "p1": 0.31666666666666665,
            "p2": 0.6833333333333333,
            "draw": 0.0
        },
        {
            "p1": 0.6,
            "p2": 0.35,
            "draw": 0.05
        },
        {
            "p1": 0.6833333333333333,
            "p2": 0.25,
            "draw": 0.06666666666666667
        },
        {
            "p1": 0.5833333333333334,
            "p2": 0.21666666666666667,
            "draw": 0.2
        },
        {
            "p1": 0.38333333333333336,
            "p2": 0.6,
            "draw": 0.016666666666666666
        },
        {
            "p1": 0.36666666666666664,
            "p2": 0.6,
            "draw": 0.03333333333333333
        },
        {
            "p1": 0.4166666666666667,
            "p2": 0.5333333333333333,
            "draw": 0.05
        },
        {
            "p1": 0.26666666666666666,
            "p2": 0.7333333333333333,
            "draw": 0.0
        },
        {
            "p1": 0.4166666666666667,
            "p2": 0.5166666666666667,
            "draw": 0.06666666666666667
        },
        {
            "p1": 0.65,
            "p2": 0.3333333333333333,
            "draw": 0.016666666666666666
        },
        {
            "p1": 0.7166666666666667,
            "p2": 0.2,
            "draw": 0.08333333333333333
        },
        {
            "p1": 0.9333333333333333,
            "p2": 0.05,
            "draw": 0.016666666666666666
        },
        {
            "p1": 0.6,
            "p2": 0.4,
            "draw": 0.0
        },
        {
            "p1": 0.7666666666666667,
            "p2": 0.21666666666666667,
            "draw": 0.016666666666666666
        },
        {
            "p1": 0.7333333333333333,
            "p2": 0.2,
            "draw": 0.06666666666666667
        },
        {
            "p1": 0.6,
            "p2": 0.3333333333333333,
            "draw": 0.06666666666666667
        },
        {
            "p1": 0.7333333333333333,
            "p2": 0.26666666666666666,
            "draw": 0.0
        },
        {
            "p1": 0.8333333333333334,
            "p2": 0.16666666666666666,
            "draw": 0.0
        },
        {
            "p1": 0.8833333333333333,
            "p2": 0.08333333333333333,
            "draw": 0.03333333333333333
        },
        {
            "p1": 0.8,
            "p2": 0.15,
            "draw": 0.05
        },
        {
            "p1": 0.7,
            "p2": 0.26666666666666666,
            "draw": 0.03333333333333333
        },
        {
            "p1": 0.5,